Gene,aa_position,Disease,Why prospective testing candidate
USH2A,3425,Usher 2A,"Ours pred > 0.7, ≥5 aa from known P/LP"
USH2A,1368,Usher 2A,"Ours pred > 0.7, ≥5 aa from known P/LP"
CDH23,2720,USH1D,"Ours pred > 0.7, ≥5 aa from known P/LP"
CDH23,2844,USH1D,"Ours pred > 0.7, ≥5 aa from known P/LP"
CDH23,864,USH1D,"Ours pred > 0.7, ≥5 aa from known P/LP"
CDH23,1583,USH1D,"Ours pred > 0.7, ≥5 aa from known P/LP"
CDH23,1610,USH1D,"Ours pred > 0.7, ≥5 aa from known P/LP"
WFS1,779,Wolfram,"Ours pred > 0.7, ≥5 aa from known P/LP"
WFS1,351,Wolfram,"Ours pred > 0.7, ≥5 aa from known P/LP"
WFS1,177,Wolfram,"Ours pred > 0.7, ≥5 aa from known P/LP"
WFS1,494,Wolfram,"Ours pred > 0.7, ≥5 aa from known P/LP"
WFS1,528,Wolfram,"Ours pred > 0.7, ≥5 aa from known P/LP"
LOXHD1,577,DFNB77,"Ours pred > 0.7, ≥5 aa from known P/LP"
CHD7,1352,CHARGE syndrome,"Ours pred > 0.7, ≥5 aa from known P/LP"
ADGRV1,5970,USH2C,"Ours pred > 0.7, ≥5 aa from known P/LP"
TECTA,1314,DFNB21,"Ours pred > 0.7, ≥5 aa from known P/LP"
TECTA,1993,DFNB21,"Ours pred > 0.7, ≥5 aa from known P/LP"
TECTA,1352,DFNB21,"Ours pred > 0.7, ≥5 aa from known P/LP"
